<?xml version="1.0" encoding="UTF-8"?>
<metadata xml:lang="en"><Esri><CreaDate>20210806</CreaDate><CreaTime>11323100</CreaTime><ArcGISFormat>1.0</ArcGISFormat><SyncOnce>FALSE</SyncOnce><DataProperties><itemProps><itemName Sync="TRUE">statewide_pre_Merge_Merge1_M</itemName><imsContentType Sync="TRUE">002</imsContentType><itemSize Sync="TRUE">0.000</itemSize><itemLocation><linkage Sync="TRUE">file://\\PW1-VFRONTRO\C$\Users\victor.frontroth\Documents\ArcGIS\Default.gdb</linkage><protocol Sync="TRUE">Local Area Network</protocol></itemLocation></itemProps><coordRef><type Sync="TRUE">Projected</type><geogcsn Sync="TRUE">GCS_North_American_1983</geogcsn><csUnits Sync="TRUE">Linear Unit: Foot (0.304800)</csUnits><projcsn Sync="TRUE">NAD_1983_StatePlane_South_Carolina_FIPS_3900_Feet_Intl</projcsn><peXml Sync="TRUE">&lt;ProjectedCoordinateSystem xsi:type='typens:ProjectedCoordinateSystem' xmlns:xsi='http://www.w3.org/2001/XMLSchema-instance' xmlns:xs='http://www.w3.org/2001/XMLSchema' xmlns:typens='http://www.esri.com/schemas/ArcGIS/10.6'&gt;&lt;WKT&gt;PROJCS[&amp;quot;NAD_1983_StatePlane_South_Carolina_FIPS_3900_Feet_Intl&amp;quot;,GEOGCS[&amp;quot;GCS_North_American_1983&amp;quot;,DATUM[&amp;quot;D_North_American_1983&amp;quot;,SPHEROID[&amp;quot;GRS_1980&amp;quot;,6378137.0,298.257222101]],PRIMEM[&amp;quot;Greenwich&amp;quot;,0.0],UNIT[&amp;quot;Degree&amp;quot;,0.0174532925199433]],PROJECTION[&amp;quot;Lambert_Conformal_Conic&amp;quot;],PARAMETER[&amp;quot;False_Easting&amp;quot;,2000000.0],PARAMETER[&amp;quot;False_Northing&amp;quot;,0.0],PARAMETER[&amp;quot;Central_Meridian&amp;quot;,-81.0],PARAMETER[&amp;quot;Standard_Parallel_1&amp;quot;,32.5],PARAMETER[&amp;quot;Standard_Parallel_2&amp;quot;,34.83333333333334],PARAMETER[&amp;quot;Latitude_Of_Origin&amp;quot;,31.83333333333333],UNIT[&amp;quot;Foot&amp;quot;,0.3048],AUTHORITY[&amp;quot;EPSG&amp;quot;,2273]]&lt;/WKT&gt;&lt;XOrigin&gt;-122907600&lt;/XOrigin&gt;&lt;YOrigin&gt;-92800700&lt;/YOrigin&gt;&lt;XYScale&gt;3048&lt;/XYScale&gt;&lt;ZOrigin&gt;-100000&lt;/ZOrigin&gt;&lt;ZScale&gt;10000&lt;/ZScale&gt;&lt;MOrigin&gt;-100000&lt;/MOrigin&gt;&lt;MScale&gt;10000&lt;/MScale&gt;&lt;XYTolerance&gt;0.0032808398950131233&lt;/XYTolerance&gt;&lt;ZTolerance&gt;0.001&lt;/ZTolerance&gt;&lt;MTolerance&gt;0.001&lt;/MTolerance&gt;&lt;HighPrecision&gt;true&lt;/HighPrecision&gt;&lt;WKID&gt;2273&lt;/WKID&gt;&lt;LatestWKID&gt;2273&lt;/LatestWKID&gt;&lt;/ProjectedCoordinateSystem&gt;</peXml></coordRef><lineage><Process ToolSource="c:\program files (x86)\arcgis\desktop10.4\ArcToolbox\Toolboxes\Data Management Tools.tbx\CalculateField" Date="20170726" Time="145546">CalculateField Statewide_Precincts_2017 PName [Name] VB #</Process><Process ToolSource="c:\program files (x86)\arcgis\desktop10.4\ArcToolbox\Toolboxes\Data Management Tools.tbx\CalculateField" Date="20170726" Time="145639">CalculateField Statewide_Precincts_2017 County "003" VB #</Process><Process ToolSource="c:\program files (x86)\arcgis\desktop10.4\ArcToolbox\Toolboxes\Data Management Tools.tbx\CalculateField" Date="20170726" Time="145711">CalculateField Statewide_Precincts_2017 County "019" VB #</Process><Process ToolSource="c:\program files (x86)\arcgis\desktop10.4\ArcToolbox\Toolboxes\Data Management Tools.tbx\CalculateField" Date="20170726" Time="145739">CalculateField Statewide_Precincts_2017 County "043" VB #</Process><Process ToolSource="c:\program files (x86)\arcgis\desktop10.4\ArcToolbox\Toolboxes\Data Management Tools.tbx\CalculateField" Date="20170726" Time="145822">CalculateField Statewide_Precincts_2017 County "047" VB #</Process><Process ToolSource="c:\program files (x86)\arcgis\desktop10.4\ArcToolbox\Toolboxes\Data Management Tools.tbx\CalculateField" Date="20170726" Time="145854">CalculateField Statewide_Precincts_2017 County "055" VB #</Process><Process ToolSource="c:\program files (x86)\arcgis\desktop10.4\ArcToolbox\Toolboxes\Data Management Tools.tbx\CalculateField" Date="20170726" Time="145950">CalculateField Statewide_Precincts_2017 Cnty Right( [County],3 ) VB #</Process><Process ToolSource="c:\program files (x86)\arcgis\desktop10.4\ArcToolbox\Toolboxes\Data Management Tools.tbx\CalculateField" Date="20170726" Time="150007">CalculateField Statewide_Precincts_2017 County [Cnty] VB #</Process><Process ToolSource="c:\program files (x86)\arcgis\desktop10.4\ArcToolbox\Toolboxes\Data Management Tools.tbx\CalculateField" Date="20170726" Time="150057">CalculateField Statewide_Precincts_2017 Code_Name [PName] VB #</Process><Process ToolSource="c:\program files (x86)\arcgis\desktop10.4\ArcToolbox\Toolboxes\Data Management Tools.tbx\CalculateField" Date="20170726" Time="150229">CalculateField Statewide_Precincts_2017 PName UCase( [PName]  ) VB #</Process><Process ToolSource="c:\program files (x86)\arcgis\desktop10.4\ArcToolbox\Toolboxes\Data Management Tools.tbx\CalculateField" Date="20170726" Time="150256">CalculateField Statewide_Precincts_2017 Code_Name UCase(  [Code_Name]  ) VB #</Process><Process ToolSource="c:\program files (x86)\arcgis\desktop10.4\ArcToolbox\Toolboxes\Data Management Tools.tbx\CalculateField" Date="20170726" Time="150316">CalculateField Statewide_Precincts_2017 Labels UCase( [Labels]  ) VB #</Process><Process ToolSource="c:\program files (x86)\arcgis\desktop10.4\ArcToolbox\Toolboxes\Data Management Tools.tbx\CalculateField" Date="20171205" Time="083600">CalculateField Statewide_Precincts Labels [PName] VB #</Process><Process ToolSource="c:\program files (x86)\arcgis\desktop10.4\ArcToolbox\Toolboxes\Data Management Tools.tbx\CalculateField" Date="20171205" Time="083800">CalculateField Statewide_Precincts Code_Name [PName] VB #</Process><Process ToolSource="c:\program files (x86)\arcgis\desktop10.4\ArcToolbox\Toolboxes\Data Management Tools.tbx\CalculateField" Date="20171205" Time="083805">CalculateField Statewide_Precincts Labels [PName] VB #</Process><Process ToolSource="c:\program files (x86)\arcgis\desktop10.4\ArcToolbox\Toolboxes\Data Management Tools.tbx\CalculateField" Date="20180126" Time="133416">CalculateField Statewide_Precincts ID "[County] + [PCode]" VB #</Process><Process ToolSource="c:\program files (x86)\arcgis\desktop10.4\ArcToolbox\Toolboxes\Data Management Tools.tbx\CalculateField" Date="20180126" Time="141019">CalculateField Statewide_Precincts PName [Code_Name] VB #</Process><Process ToolSource="c:\program files (x86)\arcgis\desktop10.4\ArcToolbox\Toolboxes\Data Management Tools.tbx\CalculateField" Date="20180126" Time="141912">CalculateField Statewide_Precincts ID "[County] + [PCode]" VB #</Process><Process ToolSource="c:\program files (x86)\arcgis\desktop10.4\ArcToolbox\Toolboxes\Data Management Tools.tbx\CalculateField" Date="20180126" Time="142420">CalculateField Statewide_Precincts PCode_N [PCode] VB #</Process><Process ToolSource="c:\program files (x86)\arcgis\desktop10.6\ArcToolbox\Toolboxes\Data Management Tools.tbx\Merge" Date="20201029" Time="183805">Merge statewide_pre;Proposed_Precincts_1;P-83-20A;P_53_19_Working;P-59-20;P-55-20 C:\Users\victor.frontroth\Documents\ArcGIS\Default.gdb\statewide_pre_Merge "PName "PName" true true false 50 Text 0 0 ,First,#,statewide_pre,PName,-1,-1,P-83-20A,PName,-1,-1,P_53_19_Working,PNAME,-1,-1,P-59-20,PName,-1,-1,P-55-20,PName,-1,-1;PCode "PCode" true true false 3 Text 0 0 ,First,#,statewide_pre,PCode,-1,-1,Proposed_Precincts_1,PCode,-1,-1,P-83-20A,PCode,-1,-1,P-59-20,PCode,-1,-1,P-55-20,PCode,-1,-1;County "County" true true false 5 Text 0 0 ,First,#,statewide_pre,County,-1,-1,P-83-20A,County,-1,-1,P_53_19_Working,County,-1,-1,P-59-20,County,-1,-1,P-55-20,County,-1,-1;Code_Name "Code_Name" true true false 50 Text 0 0 ,First,#,statewide_pre,Code_Name,-1,-1,P-83-20A,Code_Name,-1,-1,P_53_19_Working,Code_Name,-1,-1,P-59-20,Code_Name,-1,-1,P-55-20,Code_Name,-1,-1;Labels "Labels" true true false 50 Text 0 0 ,First,#,statewide_pre,Labels,-1,-1,P-83-20A,Labels,-1,-1,P_53_19_Working,Labels,-1,-1,P-59-20,Labels,-1,-1,P-55-20,Labels,-1,-1;ccBlock_VT "ccBlock_VT" true true false 11 Text 0 0 ,First,#,Proposed_Precincts_1,ccBlock_VT,-1,-1;Name "Name" true true false 35 Text 0 0 ,First,#,Proposed_Precincts_1,Name,-1,-1;Voters "Voters" true true false 8 Text 0 0 ,First,#,P-83-20A,Voters,-1,-1;District "District" true true false 12 Text 0 0 ,First,#,P_53_19_Working,District,-1,-1;ULname "ULname" true true false 30 Text 0 0 ,First,#,P-59-20,ULname,-1,-1"</Process><Process ToolSource="c:\program files (x86)\arcgis\desktop10.6\ArcToolbox\Toolboxes\Data Management Tools.tbx\Merge" Date="20201029" Time="184259">Merge statewide_pre_Merge;statewide_pre C:\Users\victor.frontroth\Documents\ArcGIS\Default.gdb\statewide_pre_Merge_Merge1 "PName "PName" true true false 50 Text 0 0 ,First,#,statewide_pre_Merge,PName,-1,-1,statewide_pre,PName,-1,-1;PCode "PCode" true true false 3 Text 0 0 ,First,#,statewide_pre_Merge,PCode,-1,-1,statewide_pre,PCode,-1,-1;County "County" true true false 5 Text 0 0 ,First,#,statewide_pre_Merge,County,-1,-1,statewide_pre,County,-1,-1;Code_Name "Code_Name" true true false 50 Text 0 0 ,First,#,statewide_pre_Merge,Code_Name,-1,-1,statewide_pre,Code_Name,-1,-1;Labels "Labels" true true false 50 Text 0 0 ,First,#,statewide_pre_Merge,Labels,-1,-1,statewide_pre,Labels,-1,-1;ccBlock_VT "ccBlock_VT" true true false 11 Text 0 0 ,First,#,statewide_pre_Merge,ccBlock_VT,-1,-1;Name "Name" true true false 35 Text 0 0 ,First,#,statewide_pre_Merge,Name,-1,-1;Voters "Voters" true true false 8 Text 0 0 ,First,#,statewide_pre_Merge,Voters,-1,-1;District "District" true true false 12 Text 0 0 ,First,#,statewide_pre_Merge,District,-1,-1;ULname "ULname" true true false 30 Text 0 0 ,First,#,statewide_pre_Merge,ULname,-1,-1;Shape_Length "Shape_Length" false true true 8 Double 0 0 ,First,#,statewide_pre_Merge,Shape_Length,-1,-1;Shape_Area "Shape_Area" false true true 8 Double 0 0 ,First,#,statewide_pre_Merge,Shape_Area,-1,-1"</Process><Process ToolSource="c:\program files (x86)\arcgis\desktop10.6\ArcToolbox\Toolboxes\Data Management Tools.tbx\Merge" Date="20201030" Time="102339">Merge statewide_pre_Merge_Merge1;statewide_pre C:\Users\victor.frontroth\Documents\ArcGIS\Default.gdb\statewide_pre_Merge_Merge1_M "PName "PName" true true false 50 Text 0 0 ,First,#,statewide_pre_Merge_Merge1,PName,-1,-1,statewide_pre,PName,-1,-1;PCode "PCode" true true false 3 Text 0 0 ,First,#,statewide_pre_Merge_Merge1,PCode,-1,-1,statewide_pre,PCode,-1,-1;County "County" true true false 5 Text 0 0 ,First,#,statewide_pre_Merge_Merge1,County,-1,-1,statewide_pre,County,-1,-1;Code_Name "Code_Name" true true false 50 Text 0 0 ,First,#,statewide_pre_Merge_Merge1,Code_Name,-1,-1,statewide_pre,Code_Name,-1,-1;Labels "Labels" true true false 50 Text 0 0 ,First,#,statewide_pre_Merge_Merge1,Labels,-1,-1,statewide_pre,Labels,-1,-1;ccBlock_VT "ccBlock_VT" true true false 11 Text 0 0 ,First,#,statewide_pre_Merge_Merge1,ccBlock_VT,-1,-1;Name "Name" true true false 35 Text 0 0 ,First,#,statewide_pre_Merge_Merge1,Name,-1,-1;Voters "Voters" true true false 8 Text 0 0 ,First,#,statewide_pre_Merge_Merge1,Voters,-1,-1;District "District" true true false 12 Text 0 0 ,First,#,statewide_pre_Merge_Merge1,District,-1,-1;ULname "ULname" true true false 30 Text 0 0 ,First,#,statewide_pre_Merge_Merge1,ULname,-1,-1;Shape_Length "Shape_Length" false true true 8 Double 0 0 ,First,#,statewide_pre_Merge_Merge1,Shape_Length,-1,-1;Shape_Area "Shape_Area" false true true 8 Double 0 0 ,First,#,statewide_pre_Merge_Merge1,Shape_Area,-1,-1"</Process><Process ToolSource="c:\program files (x86)\arcgis\desktop10.6\ArcToolbox\Toolboxes\Data Management Tools.tbx\CalculateField" Date="20201030" Time="114617">CalculateField statewide_pre_Merge_Merge1_M PName !PName!.upper() PYTHON_9.3 #</Process><Process ToolSource="c:\program files (x86)\arcgis\desktop10.6\ArcToolbox\Toolboxes\Data Management Tools.tbx\CalculateField" Date="20201030" Time="120520">CalculateField statewide_pre_Merge_Merge1_M Code_Name !PName!.lower() PYTHON_9.3 #</Process><Process ToolSource="c:\program files (x86)\arcgis\desktop10.6\ArcToolbox\Toolboxes\Data Management Tools.tbx\CalculateField" Date="20201030" Time="120818">CalculateField statewide_pre_Merge_Merge1_M Code_Name !PName!.title() PYTHON_9.3 #</Process><Process ToolSource="c:\program files (x86)\arcgis\desktop10.6\ArcToolbox\Toolboxes\Data Management Tools.tbx\CalculateField" Date="20201030" Time="121225">CalculateField statewide_pre_Merge_Merge1_M Labels !PName! PYTHON_9.3 #</Process><Process ToolSource="c:\program files (x86)\arcgis\desktop10.6\ArcToolbox\Toolboxes\Data Management Tools.tbx\CalculateField" Date="20201030" Time="121334">CalculateField statewide_pre_Merge_Merge1_M Name !Code_Name! PYTHON_9.3 #</Process><Process ToolSource="c:\program files (x86)\arcgis\desktop10.6\ArcToolbox\Toolboxes\Data Management Tools.tbx\DeleteIdentical" Date="20210806" Time="122701">DeleteIdentical Statewide2021 Shape;OBJECTID;PName;PCode;County;Code_Name;Labels;Name;Shape_Leng;Shape_Area # 0</Process><Process ToolSource="c:\program files (x86)\arcgis\desktop10.6\ArcToolbox\Toolboxes\Data Management Tools.tbx\DeleteIdentical" Date="20210806" Time="122738">DeleteIdentical Statewide2021 PName # 0</Process></lineage></DataProperties><SyncDate>20201030</SyncDate><SyncTime>10233700</SyncTime><ModDate>20201030</ModDate><ModTime>10233700</ModTime></Esri><dataIdInfo><envirDesc Sync="TRUE"> Version 6.2 (Build 9200) ; Esri ArcGIS 10.6.0.8321</envirDesc><dataLang><languageCode value="eng" Sync="TRUE"></languageCode><countryCode value="USA" Sync="TRUE"></countryCode></dataLang><idCitation><resTitle Sync="TRUE">statewide_pre_Merge_Merge1_M</resTitle><presForm><PresFormCd value="005" Sync="TRUE"></PresFormCd></presForm></idCitation><spatRpType><SpatRepTypCd value="001" Sync="TRUE"></SpatRepTypCd></spatRpType></dataIdInfo><mdLang><languageCode value="eng" Sync="TRUE"></languageCode><countryCode value="USA" Sync="TRUE"></countryCode></mdLang><mdChar><CharSetCd value="004" Sync="TRUE"></CharSetCd></mdChar><distInfo><distFormat><formatName Sync="TRUE">File Geodatabase Feature Class</formatName></distFormat><distTranOps><transSize Sync="TRUE">0.000</transSize></distTranOps></distInfo><mdHrLv><ScopeCd value="005" Sync="TRUE"></ScopeCd></mdHrLv><mdHrLvName Sync="TRUE">dataset</mdHrLvName><refSysInfo><RefSystem><refSysID><identCode code="2273" Sync="TRUE"></identCode><idCodeSpace Sync="TRUE">EPSG</idCodeSpace><idVersion Sync="TRUE">6.12(9.0.0)</idVersion></refSysID></RefSystem></refSysInfo><spatRepInfo><VectSpatRep><geometObjs Name="statewide_pre_Merge_Merge1_M"><geoObjTyp><GeoObjTypCd value="002" Sync="TRUE"></GeoObjTypCd></geoObjTyp><geoObjCnt Sync="TRUE">0</geoObjCnt></geometObjs><topLvl><TopoLevCd value="001" Sync="TRUE"></TopoLevCd></topLvl></VectSpatRep></spatRepInfo><spdoinfo><ptvctinf><esriterm Name="statewide_pre_Merge_Merge1_M"><efeatyp Sync="TRUE">Simple</efeatyp><efeageom code="4" Sync="TRUE"></efeageom><esritopo Sync="TRUE">FALSE</esritopo><efeacnt Sync="TRUE">0</efeacnt><spindex Sync="TRUE">TRUE</spindex><linrefer Sync="TRUE">FALSE</linrefer></esriterm></ptvctinf></spdoinfo><eainfo><detailed Name="statewide_pre_Merge_Merge1_M"><enttyp><enttypl Sync="TRUE">statewide_pre_Merge_Merge1_M</enttypl><enttypt Sync="TRUE">Feature Class</enttypt><enttypc Sync="TRUE">0</enttypc></enttyp><attr><attrlabl Sync="TRUE">Shape</attrlabl><attalias Sync="TRUE">Shape</attalias><attrtype Sync="TRUE">Geometry</attrtype><attwidth Sync="TRUE">0</attwidth><atprecis Sync="TRUE">0</atprecis><attscale Sync="TRUE">0</attscale><attrdef Sync="TRUE">Feature geometry.</attrdef><attrdefs Sync="TRUE">Esri</attrdefs><attrdomv><udom Sync="TRUE">Coordinates defining the features.</udom></attrdomv></attr><attr><attrlabl Sync="TRUE">OBJECTID</attrlabl><attalias Sync="TRUE">OBJECTID</attalias><attrtype Sync="TRUE">OID</attrtype><attwidth Sync="TRUE">4</attwidth><atprecis Sync="TRUE">0</atprecis><attscale Sync="TRUE">0</attscale><attrdef Sync="TRUE">Internal feature number.</attrdef><attrdefs Sync="TRUE">Esri</attrdefs><attrdomv><udom Sync="TRUE">Sequential unique whole numbers that are automatically generated.</udom></attrdomv></attr><attr><attrlabl Sync="TRUE">District</attrlabl><attalias Sync="TRUE">District</attalias><attrtype Sync="TRUE">String</attrtype><attwidth Sync="TRUE">12</attwidth><atprecis Sync="TRUE">0</atprecis><attscale Sync="TRUE">0</attscale></attr><attr><attrlabl Sync="TRUE">Name</attrlabl><attalias Sync="TRUE">Name</attalias><attrtype Sync="TRUE">String</attrtype><attwidth Sync="TRUE">35</attwidth><atprecis Sync="TRUE">0</atprecis><attscale Sync="TRUE">0</attscale></attr><attr><attrlabl Sync="TRUE">SHAPE_Area</attrlabl><attalias Sync="TRUE">Shape_Area</attalias><attrtype Sync="TRUE">Double</attrtype><attwidth Sync="TRUE">8</attwidth><atprecis Sync="TRUE">0</atprecis><attscale Sync="TRUE">0</attscale><attrdef Sync="TRUE">Area of feature in internal units squared.</attrdef><attrdefs Sync="TRUE">Esri</attrdefs><attrdomv><udom Sync="TRUE">Positive real numbers that are automatically generated.</udom></attrdomv></attr><attr><attrlabl Sync="TRUE">Voters</attrlabl><attalias Sync="TRUE">Voters</attalias><attrtype Sync="TRUE">String</attrtype><attwidth Sync="TRUE">8</attwidth><atprecis Sync="TRUE">0</atprecis><attscale Sync="TRUE">0</attscale></attr><attr><attrlabl Sync="TRUE">PName</attrlabl><attalias Sync="TRUE">PName</attalias><attrtype Sync="TRUE">String</attrtype><attwidth Sync="TRUE">50</attwidth><atprecis Sync="TRUE">0</atprecis><attscale Sync="TRUE">0</attscale></attr><attr><attrlabl Sync="TRUE">ccBlock_VT</attrlabl><attalias Sync="TRUE">ccBlock_VT</attalias><attrtype Sync="TRUE">String</attrtype><attwidth Sync="TRUE">11</attwidth><atprecis Sync="TRUE">0</atprecis><attscale Sync="TRUE">0</attscale></attr><attr><attrlabl Sync="TRUE">PCode</attrlabl><attalias Sync="TRUE">PCode</attalias><attrtype Sync="TRUE">String</attrtype><attwidth Sync="TRUE">3</attwidth><atprecis Sync="TRUE">0</atprecis><attscale Sync="TRUE">0</attscale></attr><attr><attrlabl Sync="TRUE">County</attrlabl><attalias Sync="TRUE">County</attalias><attrtype Sync="TRUE">String</attrtype><attwidth Sync="TRUE">5</attwidth><atprecis Sync="TRUE">0</atprecis><attscale Sync="TRUE">0</attscale></attr><attr><attrlabl Sync="TRUE">Code_Name</attrlabl><attalias Sync="TRUE">Code_Name</attalias><attrtype Sync="TRUE">String</attrtype><attwidth Sync="TRUE">50</attwidth><atprecis Sync="TRUE">0</atprecis><attscale Sync="TRUE">0</attscale></attr><attr><attrlabl Sync="TRUE">Labels</attrlabl><attalias Sync="TRUE">Labels</attalias><attrtype Sync="TRUE">String</attrtype><attwidth Sync="TRUE">50</attwidth><atprecis Sync="TRUE">0</atprecis><attscale Sync="TRUE">0</attscale></attr><attr><attrlabl Sync="TRUE">Shape_Length</attrlabl><attalias Sync="TRUE">Shape_Length</attalias><attrtype Sync="TRUE">Double</attrtype><attwidth Sync="TRUE">8</attwidth><atprecis Sync="TRUE">0</atprecis><attscale Sync="TRUE">0</attscale><attrdef Sync="TRUE">Length of feature in internal units.</attrdef><attrdefs Sync="TRUE">Esri</attrdefs><attrdomv><udom Sync="TRUE">Positive real numbers that are automatically generated.</udom></attrdomv></attr><attr><attrlabl Sync="TRUE">ULname</attrlabl><attalias Sync="TRUE">ULname</attalias><attrtype Sync="TRUE">String</attrtype><attwidth Sync="TRUE">30</attwidth><atprecis Sync="TRUE">0</atprecis><attscale Sync="TRUE">0</attscale></attr></detailed></eainfo><mdDateSt Sync="TRUE">20201030</mdDateSt></metadata>
